incident_id,title,description,severity,module,timestamp_opened,timestamp_resolved,root_cause,resolution_steps,troubleshooting_log_excerpt,issue_type,tags,related_docs,incident_category,module_owner,severity_weight,status
INC-10000,Search infra issue ERR_SEA_7265,Intermittent search timeouts and failures observed by users hitting /api/search; cache miss pattern and thread contention during peak queries.,P3,Search,2025-09-21T16:00:34Z,2025-09-25T23:00:34Z,"Thread-pool exhaustion due to heavy parallel index refresh + stale cache leading to NPE in request handler","[\"Restarted search-service gracefully\",\"Flush local search cache and validated TTLs\",\"Scaled search replicas from 3 -> 5\",\"Applied circuit-breaker to upstream index requests\",\"Added request-level timeouts and alert rule for queue length\"]","2025-09-21T16:00:34.189Z ERROR SearchService [reqId=78fabc12] NullPointerException at SearchHandler.handle(SearchHandler.java:112)\n2025-09-21T16:00:34.190Z WARN SearchService ThreadPool-5 queue-size=153; active=48; max=50\n2025-09-21T16:00:35.005Z INFO RetryPolicy Retrying request (policy=exp-backoff, attempt=2)","infra","search,infra,cache","[\"DOC-700\",\"DOC-701\"]","service-failure","SearchOps",0.4,resolved
INC-10001,Inventory infra issue ERR_INV_7949,Inventory API returning intermittent timeouts and authentication retries to DB observed; auth handshake sometimes fails causing connection churn.,P3,Inventory,2025-08-16T02:22:34Z,2025-08-17T03:05:12Z,"Transient auth token expiry and connection pool misconfiguration causing repeated re-auth and timeout.","[\"Rotate affected auth keys\",\"Increase DB pool max connections from 50 -> 100\",\"Add token-caching layer with 5m TTL\",\"Restart inventory-service after pool resize\",\"Monitor 5xx rate for 24h\"]","2025-08-16T02:22:34.189Z ERROR InventoryService [req=aa23] DBConnectionTimeout: could not get connection in 30s\n2025-08-16T02:22:34.190Z WARN AuthClient token fetch failed (status=502)\n2025-08-16T02:22:35.004Z INFO PoolManager resizing pool to 80","infra","inventory,infra,db","[\"DOC-500\",\"DOC-501\"]","dependency-failure","InventoryOps",0.4,resolved
INC-10002,Inventory bug issue ERR_INV_1189,Repeated cache invalidation bugs causing stale reads and occasional duplicate order allocations.,P3,Inventory,2025-10-17T06:11:34Z,2025-10-25T02:11:34Z,"Race condition in cache invalidation callback producing stale inventory reads.","[\"Apply fix to cache invalidation handler to use compare-and-swap\",\"Backfill corrected inventory snapshots\",\"Invalidate caches cluster-wide with version token\",\"Add unit tests for concurrent invalidation\",\"Release hotfix v2.1.3\"]","2025-10-17T06:11:34.189Z ERROR InventoryCache [req=cb7] CacheInvalidationRaceException at CacheManager.invalidate(CacheManager.java:88)\n2025-10-17T06:11:34.240Z INFO InventoryService Returning cached value older-than 5m\n2025-10-17T06:12:01.005Z INFO Reconciler started jobId=inv-reconcile-20251017","bug","inventory,bug,cache","[\"DOC-500\",\"DOC-502\"]","cache-corruption","InventoryOps",0.4,resolved
INC-10003,Inventory performance issue ERR_INV_9792,Inventory queries experiencing elevated p95 latency during batch reindex jobs and during deployments.,P3,Inventory,2025-11-24T00:31:34Z,, "Background reindex combined with insufficient DB read replicas; query plans show full table scans.","[\"Throttle reindex jobs to off-peak hours\",\"Add read replicas and update connection routing\",\"Optimize slow SQL and add indexes\",\"Enable query sampling alerts\",\"Schedule maintenance window for reindex\"]","2025-11-24T00:31:34.189Z WARN InventoryReindex Job[20251124] high CPU 88%\n2025-11-24T00:31:35.003Z ERROR SQLExecutor slow query detected duration=4500ms; query=\"select * from inventory where updated_at > ?\"\n2025-11-24T00:31:36.006Z INFO Autoscaler scaled replicas +2","performance","inventory,performance,db","[\"DOC-500\",\"DOC-503\"]","db-latency","InventoryOps",0.4,unresolved
INC-10004,Payments data issue ERR_PAY_9226,Payment processing failures where payloads lost on queue handoff causing partial payments and reconciliation mismatches.,P3,Payments,2025-09-24T18:39:34Z,2025-09-25T02:39:34Z,"Message queue ack mis-handled during high I/O causing dropped events.","[\"Restarted queue broker and processed dead-letter queue\",\"Enable at-least-once delivery for payments topic\",\"Add idempotency keys to payment processor\",\"Run reconciliation script to reconcile missing payments\",\"Add monitoring for queue lag and DLQ size\"]","2025-09-24T18:39:34.189Z ERROR PaymentWorker [msgId=pay-993] Failed to ack message due to BrokerIOException\n2025-09-24T18:39:34.400Z WARN MQClient re-queued message attempt=1\n2025-09-24T18:40:01.110Z INFO Reconciler matched 12 missing transactions","data","payments,data,mq","[\"DOC-200\",\"DOC-202\"]","queue-backlog","PaymentsOps",0.4,resolved
INC-10005,Payments config issue ERR_PAY_7873,Misconfigured payment gateway timeout defaults caused increased client timeouts and retries.,P3,Payments,2025-08-06T05:16:34Z,2025-08-06T08:02:10Z,"Config drift: different timeout defaults across deployment groups causing cascading retries.","[\"Rollback to last known-good config\",\"Standardize gateway timeout to 10s across envs\",\"Deploy config as immutable artifact\",\"Add config drift detector job\",\"Document config values in DOC-202\"]","2025-08-06T05:16:34.189Z WARN PaymentsConfigManager found mismatch env=prod vs env=canary gateway.timeout=5s vs 20s\n2025-08-06T05:17:01.005Z INFO Rolling back canary changes\n2025-08-06T05:20:12.110Z INFO Restarted payments-service with standardized config","config","payments,config,deploy","[\"DOC-202\"]","config-drift","PaymentsOps",0.4,resolved
INC-10006,Catalog performance issue ERR_CAT_5887,Catalog service p95 latency spike impacting browse and search faceting, causing checkout friction.,P1,Catalog,2025-07-16T13:28:34Z,2025-07-21T04:28:34Z,"Memory leak in product cache loader causing OOM and GC pressure.","[\"Restart catalog-service instances\",\"Roll out memory-fix v3.2.1\",\"Increase heap to absorb traffic during patch\",\"Run heap-dump analysis and fix leak\",\"Add GC and OOM alerts to Ops dashboard\"]","2025-07-16T13:28:34.189Z ERROR JVM [pid=1234] OutOfMemoryError: Java heap space\n2025-07-16T13:28:34.500Z WARN GC concurrent-mark-sweep pause=820ms\n2025-07-16T13:30:03.001Z INFO HeapDump saved to /var/dumps/heap-20250716.hprof","memory","catalog,performance,oom","[\"DOC-400\",\"DOC-402\"]","memory-leak","CatalogOps",1.0,resolved
INC-10007,Search bug issue ERR_SEA_6258,Search returned inconsistent results after rolling index update; relevancy degraded for subset of queries.,P3,Search,2025-11-15T08:36:34Z,2025-11-17T23:36:34Z,"Index schema mismatch after partial migration caused missing fields in documents.","[\"Rollback faulty index migration\",\"Rebuild index with correct schema\",\"Add migration pre-checks\",\"Add integration tests for index migration\",\"Publish step-by-step migration runbook (DOC-700)\"]","2025-11-15T08:36:34.189Z ERROR IndexMigrator FieldMappingException: field 'title' missing for docId=ab12\n2025-11-15T08:36:35.003Z WARN Rolling restart in progress node=search-3\n2025-11-15T08:38:02.101Z INFO Reindex job started jobId=reindex-1115","bug","search,bug,index","[\"DOC-700\",\"DOC-702\"]","deployment-failure","SearchOps",0.4,resolved
INC-10008,Auth config issue ERR_AUT_7278,Auth service returned intermittent 401s after a recent config change to token lifetime.,P3,Auth,2025-07-19T01:35:34Z,2025-07-20T05:35:34Z,"Config change shortened token TTL causing tokens to expire mid-session and race on renewal.","[\"Revert token TTL to previous value\",\"Notify clients of TTL change\",\"Add graceful token renewal flow\",\"Sync all auth servers clocks and timezones\",\"Add canary testing for auth config changes\"]","2025-07-19T01:35:34.189Z WARN AuthService token validation failed user=usr987 reason=expired\n2025-07-19T01:35:35.004Z INFO TokenService issuing new token for user=usr987\n2025-07-19T01:40:00.100Z INFO Canary auth-server passed health checks","config","auth,config,token","[\"DOC-100\",\"DOC-101\"]","config-drift","AuthOps",0.4,resolved
INC-10009,Search performance issue ERR_SEA_6056,Search p99 latency and increased error rates during peak traffic window; some nodes saturated.,P3,Search,2025-11-27T05:24:34Z,2025-11-28T16:24:34Z,"Hot shards and uneven query routing causing node overload.","[\"Evacuate hot shards to balanced nodes\",\"Increase search cache size\",\"Enable slow-query logging for 72h\",\"Apply routing rule to distribute queries\",\"Add shard-aware autoscaling policy\"]","2025-11-27T05:24:34.189Z WARN NodeLoadBalancer node=search-2 load=94% shard-hot=true\n2025-11-27T05:24:35.003Z ERROR QueryProcessor p99 latency 3800ms\n2025-11-27T05:25:01.101Z INFO Rebalance scheduled","performance","search,performance,shard","[\"DOC-700\",\"DOC-701\"]","scaling","SearchOps",0.4,resolved
INC-10010,Payments infra issue ERR_PAY_8721,Payments downstream DB showing connection timeouts under high load, intermittent 502s returned to clients.,P2,Payments,2025-09-21T04:17:34Z,2025-09-24T22:17:34Z,"DB connection pool exhausted due to long-running reconciliation queries.","[\"Limit reconciliation batch size\",\"Increase DB pool connections\",\"Optimize reconciliation SQL\",\"Add query timeout\",\"Implement pagination for reconciliation\"]","2025-09-21T04:17:34.189Z ERROR DBPool maxWaitExceeded: waited 30000ms\n2025-09-21T04:17:35.003Z WARN Reconciler job running longer-than-expected duration=3600s\n2025-09-21T04:20:00.100Z INFO Scaled payments-db read replicas +2","infra","payments,infra,db","[\"DOC-200\",\"DOC-202\"]","db-latency","PaymentsOps",0.7,resolved
INC-10011,Notifications performance issue ERR_NOT_7668,Notifications queue lag spiked causing delayed emails and mobile push delivery.,P2,Notifications,2025-11-15T02:47:34Z,2025-11-16T14:47:34Z,"Consumer lag due to single-threaded worker and a sudden increase in backfill traffic.","[\"Scale notification workers horizontally\",\"Enable batch-processing for high-volume topics\",\"Process DLQ and monitor lag\",\"Implement backpressure on producers\",\"Document runbook for queue saturation (DOC-601)\"]","2025-11-15T02:47:34.189Z WARN ConsumerGroup lag=12000 messages topic=notifications.high-priority\n2025-11-15T02:47:35.004Z INFO Worker restarted (pid=442) due to OOM kill\n2025-11-15T02:50:01.110Z INFO DLQ drained 4k messages","performance","notifications,performance,queue","[\"DOC-600\",\"DOC-601\"]","queue-backlog","NotificationsOps",0.7,resolved
INC-10012,Payments bug issue ERR_PAY_4627,Intermittent double-charging detected for specific 3rd-party gateway path during retries.,P4,Payments,2025-09-14T11:57:34Z,2025-09-15T15:57:34Z,"Lack of idempotency handling when retrying on gateway timeouts.","[\"Add idempotency-key handling to payment endpoint\",\"Run reconciliation and refund duplicates\",\"Add gateway-specific retry policy\",\"Add integration test for retry semantics\",\"Document fix in DOC-200\"]","2025-09-14T11:57:34.189Z ERROR PaymentProcessor received duplicate callback txnId=txn-1122\n2025-09-14T11:57:35.004Z INFO Reconciler detected duplicate=2\n2025-09-14T11:58:01.100Z INFO Refund issued for duplicate txnId=txn-1122","bug","payments,bug,idempotency","[\"DOC-200\",\"DOC-201\"]","data-consistency","PaymentsOps",0.2,resolved
INC-10013,Search bug issue ERR_SEA_6864,Search returning 500 for specific query patterns; error originated from JSON parsing layer after special characters.,P4,Search,2025-09-27T13:37:34Z,2025-10-02T14:37:34Z,"Unescaped characters in user queries hit serializer causing runtime exception.","[\"Sanitize user input at edge\",\"Patch serializer to handle unicode escapes\",\"Add fuzz tests for edge-cases\",\"Deploy hotfix and monitor ERR rates\",\"Update docs for supported query characters\"]","2025-09-27T13:37:34.189Z ERROR JsonSerializer UnexpectedCharacterException at Serializer.java:47 input='\\uD83D'\n2025-09-27T13:37:34.400Z WARN EdgeProxy returned 400 for malformed request\n2025-09-27T13:40:12.101Z INFO Hotfix deployed search-service v1.9.2"],bug,"search,bug,serializer","[\"DOC-700\",\"DOC-702\"]","input-validation","SearchOps",0.2,resolved
INC-10014,Auth bug issue ERR_AUT_2495,Users intermittently cannot login; stack shows race in session creation under high concurrency.,P3,Auth,2025-07-09T19:46:34Z,2025-07-12T06:46:34Z,"Race condition in session-store leading to occasional session overwrite and authentication failure.","[\"Patch session-store to use optimistic locking\",\"Perform session data migration\",\"Add monitoring for auth-failure spikes\",\"Deploy change across all auth nodes\",\"Add session-concurrency tests\"]","2025-07-09T19:46:34.189Z ERROR SessionStore [req=usr-321] ConcurrentModificationException at SessionStore.java:221\n2025-07-09T19:46:35.004Z WARN AuthService loginFailCount++ user=usr-321\n2025-07-09T19:50:01.110Z INFO Migration script applied"],bug,"auth,bug,session","[\"DOC-100\",\"DOC-101\"]","race-condition","AuthOps",0.4,resolved
INC-10015,Catalog config issue ERR_CAT_1698,Catalog returning stale configuration causing incompatible feature flags between regions.,P2,Catalog,2025-10-15T20:57:34Z,2025-10-16T06:12:00Z,"Config propagation delay due to broken config-sync job.","[\"Restart config-sync job\",\"Manually propagate latest config to region B\",\"Add versioned config propagation\",\"Add test for config-sync failure\",\"Document rollout process (DOC-402)\"]","2025-10-15T20:57:34.189Z WARN ConfigSync last_applied_version=2025-10-14 region=B lag=95m\n2025-10-15T20:58:01.005Z INFO Manual propagate successful\n2025-10-15T21:05:05.101Z INFO ConfigSync job restarted"],config,"catalog,config,flags","[\"DOC-402\",\"DOC-400\"]","config-drift","CatalogOps",0.7,resolved
INC-10016,Inventory bug issue ERR_INV_2707,Inventory API occasionally returns negative stock for SKUs after concurrent adjustments.,P2,Inventory,2025-10-31T21:10:34Z,2025-11-01T02:20:05Z,"Missing transactional boundary around inventory decrement operations causing negative stock.","[\"Add DB transaction for inventory adjustments\",\"Add DB constraint to prevent negative stock\",\"Backfill and correct negative entries\",\"Add unit tests for concurrent updates\",\"Publish fix and monitor\"]","2025-10-31T21:10:34.189Z ERROR InventoryService Failed to apply delta sku=SKU-221 reason=partial-commit\n2025-10-31T21:10:35.004Z INFO Reconciler detected negative entries count=5\n2025-10-31T21:30:01.110Z INFO Backfill correction applied"],bug,"inventory,bug,tx","[\"DOC-500\",\"DOC-503\"]","data-consistency","InventoryOps",0.7,resolved
INC-10017,Orders bug issue ERR_ORD_3931,Orders API intermittently created duplicate orders when retrying on payment timeout, leading to double shipments.,P2,Orders,2025-07-18T00:23:34Z,2025-07-20T21:23:34Z,"Missing idempotency key handling in orders submit path during payment retry.","[\"Enforce idempotency header on orders-create\",\"Run reconciliation for duplicates\",\"Add compensating cancel for duplicate shipments\",\"Add integration tests for retried payments\",\"Update DOC-301 with new pattern\"]","2025-07-18T00:23:34.189Z ERROR OrdersService DuplicateOrderException orderRef=ord-777 attempt=2\n2025-07-18T00:23:35.003Z INFO Reconciler detected duplicates=3\n2025-07-18T00:25:01.101Z INFO Compensating cancellations issued"],bug,"orders,bug,idempotency","[\"DOC-301\",\"DOC-303\"]","data-consistency","OrdersOps",0.7,resolved
INC-10018,Auth performance issue ERR_AUT_7546,High auth p95 latency causing login slowness for certain regions correlated with token verification timeouts.,P2,Auth,2025-09-02T05:47:34Z,2025-09-10T00:47:34Z,"Remote token verification service had intermittent timeouts resulting in blocking auth flow.","[\"Add local cache for token verification\",\"Fallback to cached verification on timeout\",\"Increase token-verifier pool\",\"Instrument verifier with metrics\",\"Coordinate with verifier team for SLA improvements\"]","2025-09-02T05:47:34.189Z WARN TokenVerifier call timeout=5100ms endpoint=verifier.internal\n2025-09-02T05:47:35.004Z INFO Using cached verification result for user=usr-211\n2025-09-02T05:50:12.110Z INFO Token verifier team fixed transient DB restarts"],performance,"auth,performance,token","[\"DOC-100\",\"DOC-102\"]","dependency-failure","AuthOps",0.7,resolved
INC-10019,Catalog config issue ERR_CAT_9155,Config mismatch caused image proxy URLs to be rewritten incorrectly in production.,P4,Catalog,2025-07-08T03:12:34Z,2025-07-08T06:30:00Z,"Broken environment templating replaced hostnames incorrectly in image URLs.","[\"Fix templating variables in config artifact\",\"Backfill corrected image URLs\",\"Add config lint step in CI\",\"Add environment validation checks\",\"Document templating variables (DOC-400)\"]","2025-07-08T03:12:34.189Z ERROR TemplateEngine variable HOSTNAME unresolved-> replaced with 'null'\n2025-07-08T03:15:05.004Z INFO Backfill job corrected 3500 image URLs\n2025-07-08T03:30:01.101Z INFO CI lint added validation"],config,"catalog,config,templating","[\"DOC-400\"]","config-drift","CatalogOps",0.2,resolved
INC-10020,Orders config issue ERR_ORD_3049,Orders service experienced partial outages due to misapplied feature-toggle causing incompatible API schema.,P2,Orders,2025-09-13T01:53:34Z,2025-09-17T18:53:34Z,"Feature-toggle incorrectly rolled out without contract bump; older clients failed deserialization.","[\"Rollback feature-toggle\",\"Add contract compatibility checks\",\"Add versioned endpoints for transitional rollout\",\"Notify clients of enforced schema change\",\"Add pre-deploy contract tests\"]","2025-09-13T01:53:34.189Z ERROR OrdersDeserializer UnexpectedFieldException at OrdersDeserializer.java:67\n2025-09-13T01:54:05.004Z WARN Canary clients failing schema checks\n2025-09-13T02:05:01.101Z INFO Rollback completed"],config,"orders,config,feature-flag","[\"DOC-303\",\"DOC-304\"]","config-drift","OrdersOps",0.7,resolved
INC-10021,Auth infra issue ERR_AUT_7295,Auth nodes failed to join cluster after OS-level kernel patch applied, causing reduced capacity.,P2,Auth,2025-07-10T22:32:34Z,2025-07-17T02:32:34Z,"Kernel patch caused ephemeral network interface name changes; cluster membership failed.","[\"Revert kernel patch on affected nodes\",\"Standardize network interface naming in init scripts\",\"Rejoin auth nodes to cluster\",\"Add pre-patch checklist and canary\",\"Document post-patch validation steps\"]","2025-07-10T22:32:34.189Z ERROR ClusterManager NodeJoinFailed node=auth-3 reason=ifcfg mismatch\n2025-07-10T22:33:01.005Z INFO Rolling restart auth cluster\n2025-07-10T22:40:12.110Z INFO Node rejoined cluster"],infra,"auth,infra,cluster","[\"DOC-101\",\"DOC-102\"]","deployment-failure","AuthOps",0.7,resolved
INC-10022,Orders data issue ERR_ORD_3557,Orders reconciliation failed producing mismatched totals between microservices and ledger.,P4,Orders,2025-11-05T11:44:34Z,2025-11-10T03:44:34Z,"Ledger ingestion lag produced temporary mismatch during high-volume runs.","[\"Process ledger backlog\",\"Add watermarking to ingestion pipeline\",\"Add monitoring for ledger-lag\",\"Reconcile mismatched totals\",\"Add runbook entry in DOC-303\"]","2025-11-05T11:44:34.189Z WARN LedgerIngest lag=900s last_processed_id=9821\n2025-11-05T11:45:01.004Z INFO Backfill job started\n2025-11-05T12:20:01.110Z INFO Matched 98% of transactions"],data,"orders,data,ledger","[\"DOC-303\",\"DOC-305\"]","ingestion-lag","OrdersOps",0.2,resolved
INC-10023,Payments performance issue ERR_PAY_6699,Payments p95 increased due to synchronous calls to external billing partner during settlement, blocking main request path.,P3,Payments,2025-09-16T09:37:34Z,2025-09-16T11:20:00Z,"Synchronous partner call in hot path causing blocking; partner had intermittent slowness.","[\"Move partner call to async settlement queue\",\"Add timeout + circuit-breaker for partner call\",\"Add metrics around partner latency\",\"Retry with exponential backoff\",\"Add stubbed integration tests for partner behavior\"]","2025-09-16T09:37:34.189Z WARN ExternalBilling timeout=4500ms endpoint=billing.partner\n2025-09-16T09:37:35.003Z ERROR PaymentController blocked waiting partner response\n2025-09-16T09:40:01.101Z INFO Queued settlement async"],performance,"payments,performance,partner","[\"DOC-200\",\"DOC-201\"]","dependency-failure","PaymentsOps",0.4,resolved
INC-10024,Search bug issue ERR_SEA_2045,Search returned 503 for a subset of queries after partial node outage; logs show NPE in query routing.,P3,Search,2025-11-17T02:44:34Z,2025-11-22T01:44:34Z,"Query router didn't handle missing shard metadata after rolling upgrade causing NPE.","[\"Revert routing change\",\"Add guard for missing shard metadata\",\"Rebuild routing metadata from cluster state\",\"Add graceful degradation to 503 fallback\",\"Update DOC-700 with troubleshooting steps\"]","2025-11-17T02:44:34.189Z ERROR QueryRouter NullPointerException at QueryRouter.java:210\n2025-11-17T02:44:35.003Z WARN Rolling-restart detected inconsistent cluster-state\n2025-11-17T02:50:12.101Z INFO Metadata rebuilt from primary node"],bug,"search,bug,router","[\"DOC-700\",\"DOC-702\"]","service-failure","SearchOps",0.4,resolved
INC-10025,Orders performance issue ERR_ORD_6600,Orders service experiencing slow writes to order-store in peak; write latency causing UI timeouts.,P3,Orders,2025-08-06T22:46:34Z,2025-08-11T13:46:34Z,"Order-store hitting IO saturation due to large synchronous attachments being stored with orders.","[\"Offload attachments to object-store and store references\",\"Throttle concurrent writes\",\"Add write-ahead buffer\",\"Optimize underlying IO subsystem\",\"Add docs for attachment best-practices (DOC-303)\"]","2025-08-06T22:46:34.189Z WARN OrderStore fsync latency=230ms\n2025-08-06T22:47:01.005Z ERROR AttachmentService attempted large upload size=120MB\n2025-08-06T22:50:01.110Z INFO Moved attachments to object-store"],performance,"orders,performance,io","[\"DOC-303\",\"DOC-304\"]","io-pressure","OrdersOps",0.4,resolved
INC-10026,Shipping data issue ERR_SHI_2060,Shipping microservice produced incorrect address normalizations after a change in the address-canonicalizer library.,P2,Shipping,2025-10-12T08:22:34Z,2025-10-17T05:22:34Z,"Library upgrade introduced regression in address parsing rules leading to misrouted shipments.","[\"Pin address-canonicalizer to previous stable release\",\"Run bulk address normalization job\",\"Create compatibility tests for address formats\",\"Add canary tests for shipping changes\",\"Document normalization behavior in DOC-800\"]","2025-10-12T08:22:34.189Z ERROR AddressCanonicalizer UnexpectedToken at Parser.java:58 input='Flat 2B'\n2025-10-12T08:23:01.005Z INFO Re-run normalization fixed 320 addresses\n2025-10-12T09:30:12.110Z INFO Rolled back library upgrade"],data,"shipping,data,normalization","[\"DOC-800\",\"DOC-802\"]","regression","ShippingOps",0.7,resolved
INC-10027,Catalog performance issue ERR_CAT_9319,Catalog search facets slow due to joining across multiple microservices synchronously.,P2,Catalog,2025-07-04T15:43:34Z,2025-07-07T10:43:34Z,"Synchronous multi-service calls in facet aggregation causing request tail latency.","[\"Convert facet aggregation to async fan-out\",\"Cache aggregated facet results\",\"Introduce partial-response fallback\",\"Add timeouts to service calls\",\"Document recommended architecture (DOC-400)\"]","2025-07-04T15:43:34.189Z WARN FacetAggregator p95 latency 1800ms\n2025-07-04T15:44:35.004Z INFO Converted to async aggregator\n2025-07-04T15:50:01.101Z INFO Cache hit rate improved"],performance,"catalog,performance,aggregation","[\"DOC-400\",\"DOC-403\"]","architecture-flaw","CatalogOps",0.7,resolved
INC-10028,Orders config issue ERR_ORD_4009,Orders service failed to load new payment provider credentials due to mount permission changes.,P3,Orders,2025-08-20T02:32:34Z,2025-08-26T09:32:34Z,"Container filesystem permission changes prevented credentials mount; provider auth failed.","[\"Fix mount permissions in deployment manifest\",\"Rotate provider credentials\",\"Add validation in startup health-check\",\"Document mount policy in DOC-303\",\"Add CI check for mount permissions\"]","2025-08-20T02:32:34.189Z ERROR ContainerInit failed to load /secrets/payment-creds permission denied\n2025-08-20T02:32:35.003Z WARN ProviderAuth failed status=403\n2025-08-20T03:10:12.101Z INFO Permissions corrected and restart succeeded"],config,"orders,config,mounts","[\"DOC-303\"]","config-drift","OrdersOps",0.4,resolved
INC-10029,Shipping infra issue ERR_SHI_3806,Shipping worker nodes intermittently lose network connectivity to courier API causing failed shipments.,P3,Shipping,2025-11-22T15:42:34Z,2025-11-29T17:42:34Z,"Intermittent network partition between shipping cluster and courier gateway due to overloaded edge router.","[\"Failover to alternate egress via tunnel\",\"Engage infra to fix edge router\",\"Retry failed shipments from DLQ\",\"Add multi-region egress routing\",\"Document failover steps in DOC-801\"]","2025-11-22T15:42:34.189Z WARN Network egress latency spike node=ship-02 lat=450ms\n2025-11-22T15:42:35.003Z ERROR CourierAPI ConnectionRefused\n2025-11-22T15:50:12.101Z INFO Failover to tunnel established"],infra,"shipping,infra,network","[\"DOC-801\",\"DOC-802\"]","network-partition","ShippingOps",0.4,resolved
INC-10030,Inventory bug issue ERR_INV_7655,Inventory returned NPE in stock lookup leading to 500s for specific SKUs after metadata migration.,P1,Inventory,2025-09-15T05:48:34Z,2025-09-17T22:48:34Z,"Null pointer triggered by missing vendor metadata after schema migration.","[\"Backfill missing vendor metadata\",\"Add null-safety guards in lookup path\",\"Redeploy inventory-service\",\"Add migration validation checks\",\"Update DOC-502 with migration checklist\"]","2025-09-15T05:48:34.189Z ERROR InventoryLookup NullPointerException at InventoryLookup.java:77\n2025-09-15T05:48:35.004Z INFO Backfill script started\n2025-09-15T06:20:01.110Z INFO Backfill completed"],bug,"inventory,bug,migration","[\"DOC-502\",\"DOC-503\"]","schema-mismatch","InventoryOps",1.0,resolved
INC-10031,Search bug issue ERR_SEA_7293,Search service returned 503 during burst traffic; tracing shows thread starvation and blocked IO.,P1,Search,2025-08-06T04:02:34Z,2025-08-11T09:02:34Z,"Thread starvation from synchronous disk reads in hot path causing service unavailability.","[\"Restart search nodes\",\"Add async IO for disk reads\",\"Tune thread-pool and buffer sizes\",\"Move to faster storage for hot shards\",\"Add runbook for burst events\"]","2025-08-06T04:02:34.189Z ERROR SearchWorker ThreadPoolExecutor rejectedExecution at java.util.concurrent.ThreadPoolExecutor\n2025-08-06T04:02:35.003Z WARN DiskIO read latency=120ms for /data/index/seg-12\n2025-08-06T04:10:01.101Z INFO Storage tier moved hot shards to SSD"],bug,"search,bug,thread,io","[\"DOC-701\",\"DOC-702\"]","io-pressure","SearchOps",1.0,resolved
INC-10032,Payments infra issue ERR_PAY_4124,Payments service hit a certificate expiration causing failed TLS handshakes to external partners for a period.,P4,Payments,2025-11-15T16:20:34Z,2025-11-16T00:20:34Z,"Expired certificate on partner-facing endpoint causing TLS failures.","[\"Replace expired certificate\",\"Coordinate with partners for trust update\",\"Add cert expiry monitor and alerts\",\"Add automated cert rotation in CI/CD\",\"Update DOC-202 with cert rotation steps\"]","2025-11-15T16:20:34.189Z ERROR TLSHandshake PartnerTLSHandshakeException cert=expired CN=payments.internal\n2025-11-15T16:21:05.004Z INFO Deployed new cert\n2025-11-15T16:30:01.101Z INFO TLS handshakes restored"],infra,"payments,infra,cert","[\"DOC-202\",\"DOC-200\"]","ssl-misconfig","PaymentsOps",0.2,resolved
INC-10033,Notifications data issue ERR_NOT_2693,Notification templates returning invalid placeholders causing delivery failures to some channels.,P3,Notifications,2025-09-04T00:37:34Z,2025-09-08T10:37:34Z,"Template rendering error due to missing personalization keys in certain user profiles.","[\"Identify faulty templates and add safe defaults\",\"Patch templating engine to ignore missing keys\",\"Re-run deliveries for failed messages\",\"Add schema validation for templates\",\"Document template patterns in DOC-604\"]","2025-09-04T00:37:34.189Z ERROR TemplateEngine KeyError: 'first_name' in template notif-33\n2025-09-04T00:40:01.005Z INFO Fixed templates and requeued 142 messages\n2025-09-04T01:30:01.110Z INFO Delivery success rate resumed"],data,"notifications,data,template","[\"DOC-604\",\"DOC-603\"]","input-validation","NotificationsOps",0.4,resolved
INC-10034,Search config issue ERR_SEA_2150,Search node config drifted leading to inconsistent query analyzers across cluster and relevancy regressions.,P2,Search,2025-07-06T04:29:34Z,2025-07-06T07:00:00Z,"Config drift in analyzer settings after manual tuning on one node.","[\"Re-sync analyzer config across nodes\",\"Run analyzer A/B test to confirm parity\",\"Add config lint step\",\"Lock config via centralized store\",\"Update DOC-702 with analyzer doc\"]","2025-07-06T04:29:34.189Z WARN Analyzer mismatch node=search-1 analyzer=standard vs node=search-2 analyzer=custom\n2025-07-06T04:30:01.005Z INFO Re-synced configs from central store\n2025-07-06T05:00:01.101Z INFO Parity achieved"],config,"search,config,analyzer","[\"DOC-702\",\"DOC-701\"]","config-drift","SearchOps",0.7,resolved
INC-10035,Auth bug issue ERR_AUT_4343,Auth token renewal failing intermittently causing mid-session logout for some users.,P3,Auth,2025-10-31T01:36:34Z,2025-11-05T10:36:34Z,"Token renewal endpoint dropped requests under heavy load due to thread leak.","[\"Patch thread leak in token-renewer\",\"Restart token-renewer service\",\"Add circuit-breaker to token endpoint\",\"Add auto-scale policy for token-renewer\",\"Add DOC-101 runbook entry for token issues\"]","2025-10-31T01:36:34.189Z ERROR TokenRenewer thread leak detected active=78 leaked=12\n2025-10-31T01:36:35.004Z WARN OOM risk if not restarted\n2025-10-31T02:00:01.110Z INFO Restart and patch applied"],bug,"auth,bug,token","[\"DOC-101\",\"DOC-102\"]","memory-leak","AuthOps",0.4,resolved
INC-10036,Catalog infra issue ERR_CAT_6188,Catalog instances failing health checks after noisy neighbor on host VM spiking I/O, causing rolling restarts.,P3,Catalog,2025-10-08T15:57:34Z,2025-10-09T06:15:00Z,"Host-level noisy neighbor causing I/O saturation and container restarts.","[\"Migrate affected containers to other hosts\",\"Engage infra to isolate noisy neighbor\",\"Add node-level IO monitoring\",\"Add placement constraints to scheduler\",\"Document mitigation in DOC-403\"]","2025-10-08T15:57:34.189Z WARN NodeMonitor ioUtil=99% host=vm-54\n2025-10-08T15:57:35.004Z ERROR Container exited with status=137 OOMKilled\n2025-10-08T16:10:01.110Z INFO Migration completed"],infra,"catalog,infra,io","[\"DOC-403\",\"DOC-404\"]","noisy-neighbor","CatalogOps",0.4,resolved
INC-10037,Shipping data issue ERR_SHI_6881,Shipping calculation returned wrong ETA after time-zone handling update, leading to early/late delivery windows.,P4,Shipping,2025-11-12T00:25:34Z,2025-11-16T05:25:34Z,"Timezone normalization regression in ETA calc after library upgrade.","[\"Revert timezone library to stable version\",\"Add timezone unit tests\",\"Backfill corrected ETA for affected shipments\",\"Add docs on timezone handling (DOC-801)\",\"Schedule regression test in CI\"]","2025-11-12T00:25:34.189Z ERROR ETACalculator IncorrectTZException localTz=UTC+5:30\n2025-11-12T00:26:01.005Z INFO Library rollback completed\n2025-11-12T02:00:01.101Z INFO Backfill ETA completed"],data,"shipping,data,timezone","[\"DOC-801\"]","regression","ShippingOps",0.2,resolved
INC-10038,Catalog config issue ERR_CAT_5611,Catalog returned 404s for image assets after CDN rewrite rules changed during deployment.,P2,Catalog,2025-09-14T23:07:34Z,2025-09-15T00:07:34Z,"CDN rewrite rule incorrectly stripping path prefixes for images.","[\"Revert CDN rewrite rules\",\"Purge CDN cache\",\"Update deployment pipeline to validate CDN rules\",\"Add path-preserving rule in config\",\"Document CDN behavior (DOC-403)\"]","2025-09-14T23:07:34.189Z ERROR CDN edge returned 404 for /images/product/1234\n2025-09-14T23:08:01.005Z INFO Purged CDN cache\n2025-09-14T23:20:01.101Z INFO CDN rules validated"],config,"catalog,config,cdn","[\"DOC-403\"]","config-drift","CatalogOps",0.7,resolved
INC-10039,Catalog config issue ERR_CAT_6052,Configuration causing cache key collision leading to wrong item details being served.,P3,Catalog,2025-07-08T16:59:34Z,2025-07-15T09:59:34Z,"Cache key scheme used non-unique fields causing collisions across tenants.","[\"Change cache key to include tenantId\",\"Invalidate existing cache\",\"Add cache key uniqueness tests\",\"Deploy change and monitor collisions\",\"Update DOC-404 runbook\"]","2025-07-08T16:59:34.189Z WARN Cache collision detected key=product:123 tenant=null\n2025-07-08T17:00:01.005Z INFO Updated cache key scheme\n2025-07-08T17:30:01.101Z INFO Collision count reduced to 0"],config,"catalog,config,cache","[\"DOC-404\",\"DOC-400\"]","cache-collision","CatalogOps",0.4,resolved
INC-10040,Auth infra issue ERR_AUT_6726,Auth service reports degraded performance due to insufficient file descriptors on JVM causing socket accept failures.,P3,Auth,2025-10-13T20:37:34Z,2025-10-14T02:00:00Z,"OS ulimit too low after node provisioning causing socket accept errors at peak.","[\"Increase ulimit on auth nodes\",\"Restart auth-service processes\",\"Add provisioning step to set ulimit\",\"Add health-check for socket failures\",\"Document provisioning check in DOC-101\"]","2025-10-13T20:37:34.189Z ERROR ServerSocket accept failed java.net.SocketException: Too many open files\n2025-10-13T20:38:01.005Z WARN Connection drops observed\n2025-10-13T21:00:01.101Z INFO ulimit increased and services restarted"],infra,"auth,infra,ulimit","[\"DOC-101\"]","resource-limit","AuthOps",0.4,resolved
INC-10041,Auth performance issue ERR_AUT_9306,High CPU on auth nodes causing elevated login latency; profiling shows expensive regex in username normalization.,P3,Auth,2025-09-17T23:46:34Z,2025-09-24T17:46:34Z,"Inefficient username normalization regex causing CPU spikes at scale.","[\"Replace expensive regex with optimized parser\",\"Add rate-limiter on login attempts\",\"Profile and reduce CPU hotspots\",\"Add regression test in CI for normalization speed\",\"Update DOC-102 architecture guidance\"]","2025-09-17T23:46:34.189Z WARN CPU user=94% pid=1221 process=auth-normalizer\n2025-09-17T23:47:05.004Z INFO Applied regex optimization patch\n2025-09-18T00:00:01.101Z INFO CPU normalized"],performance,"auth,performance,regex","[\"DOC-101\",\"DOC-102\"]","cpu-hotspot","AuthOps",0.4,resolved
INC-10042,Payments performance issue ERR_PAY_8164,Payments settlement delayed due to synchronous ledger writes blocking processing pipeline.,P3,Payments,2025-07-05T15:44:34Z,2025-07-06T12:44:34Z,"Synchronous ledger writes blocking worker pool under settlement bursts.","[\"Buffer ledger writes asynchronously\",\"Increase worker pool size\",\"Add backpressure to upstream producers\",\"Optimize ledger write path\",\"Add monitoring for ledger write latency\"]","2025-07-05T15:44:34.189Z WARN SettlementWorker blocked waiting ledger write duration=3200ms\n2025-07-05T15:44:35.003Z INFO Buffered ledger writes; drained 1200 entries\n2025-07-05T16:00:01.101Z INFO Pipeline resumed normal throughput"],performance,"payments,performance,ledger","[\"DOC-200\",\"DOC-201\"]","blocking-call","PaymentsOps",0.4,resolved
INC-10043,Shipping bug issue ERR_SHI_7806,Shipping calculation occasionally used stale courier rates causing incorrect totals.,P4,Shipping,2025-08-27T02:03:34Z,2025-08-31T02:03:34Z,"Rate cache TTL misconfigured and not invalidated leading to stale rates being applied.","[\"Invalidate and refresh rate cache\",\"Add TTL to cache entries\",\"Add monitoring for rate-calc variance\",\"Add integration test for rate updates\",\"Document cache behavior in DOC-801\"]","2025-08-27T02:03:34.189Z ERROR RateService returned oldRate effectiveDate=2024-01-01\n2025-08-27T02:05:05.004Z INFO Cache refreshed successfully\n2025-08-27T03:00:01.101Z INFO Correct totals re-calculated"],bug,"shipping,bug,cache","[\"DOC-801\"]","cache-staleness","ShippingOps",0.2,resolved
INC-10044,Orders bug issue ERR_ORD_1728,Orders service throwing transaction serialization errors under high concurrency causing rollback and retry storms.,P2,Orders,2025-09-15T02:49:34Z,2025-09-19T18:49:34Z,"DB transaction isolation conflicts causing serialization failures and retries.","[\"Adjust transaction isolation or implement optimistic retries\",\"Add idempotency and backoff\",\"Tune DB indices to reduce contention\",\"Add alert for high serialization failures\",\"Document recommended pattern in DOC-303\"]","2025-09-15T02:49:34.189Z ERROR DB SerializationFailure at order_insert txId=553\n2025-09-15T02:50:01.005Z WARN Retry storm detected attempts=4\n2025-09-15T03:30:01.101Z INFO Implemented optimistic retry handler"],bug,"orders,bug,db,tx","[\"DOC-303\",\"DOC-305\"]","db-contention","OrdersOps",0.7,resolved
INC-10045,Catalog infra issue ERR_CAT_1717,Catalog instances reported high thread-blocking due to expensive image processing in request thread.,P4,Catalog,2025-10-25T02:12:34Z,2025-10-26T06:12:34Z,"Image processing performed inline on request threads causing thread blocking and degraded throughput.","[\"Offload image processing to async worker pool\",\"Add request timeout\",\"Add circuit-breaker for image service\",\"Refactor image handler to non-blocking API\",\"Update DOC-403 architecture notes\"]","2025-10-25T02:12:34.189Z WARN ImageProcessor processingTime=2200ms on request-thread\n2025-10-25T02:15:05.004Z INFO Offloaded processing to workers\n2025-10-25T02:20:01.101Z INFO Throughput restored"],infra,"catalog,infra,image","[\"DOC-403\",\"DOC-404\"]","blocking-call","CatalogOps",0.2,resolved
INC-10046,Orders data issue ERR_ORD_4636,Orders event stream missing ordering guarantees causing out-of-order events and inventory mismatches.,P3,Orders,2025-10-07T04:03:34Z,2025-10-09T07:15:00Z,"Message producer occasionally used non-partitioned topic for order updates causing ordering loss.","[\"Move order-updates to partitioned topic keyed by orderId\",\"Add monotonically-increasing sequence numbers\",\"Replay events to rebuild correct order sequence\",\"Add producer validation in DOC-303\",\"Monitor ordering metrics\"]","2025-10-07T04:03:34.189Z ERROR StreamProcessor OutOfOrderEvent orderId=ord-990 seq=7 currentSeq=9\n2025-10-07T04:05:01.005Z INFO Replayed missing events to restore order\n2025-10-07T05:00:01.101Z INFO Ordering metrics normalized"],data,"orders,data,stream","[\"DOC-303\",\"DOC-305\"]","event-ordering","OrdersOps",0.4,resolved
INC-10047,Payments config issue ERR_PAY_7801,Payments service returned 429s due to incorrect rate-limit configuration applied to high-throughput endpoints.,P1,Payments,2025-07-06T21:49:34Z,2025-07-10T00:49:34Z,"Global rate-limit set too low for production traffic on critical endpoints.","[\"Increase rate limit for critical endpoints\",\"Apply differential rate limits per client tier\",\"Add graceful 429 handling and retry headers\",\"Add CI guardrail for rate-limit changes\",\"Document rate-limit policy in DOC-202\"]","2025-07-06T21:49:34.189Z ERROR RateLimiter exceeded for endpoint=/api/payments/submit client=web-frontend\n2025-07-06T21:50:01.005Z WARN Uplift limits and queue bursts\n2025-07-06T22:00:01.101Z INFO Rate limits updated"],config,"payments,config,rate-limit","[\"DOC-202\",\"DOC-200\"]","rate-limit","PaymentsOps",1.0,resolved
INC-10048,Search config issue ERR_SEA_2540,Search nodes inconsistent analyzer leading to search relevance drift across nodes after partial config promotion.,P3,Search,2025-11-12T02:09:34Z,2025-11-17T04:09:34Z,"Partial promotion of analyzer config without cluster-wide rollout caused inconsistent query behavior.","[\"Re-promote analyzer config cluster-wide\",\"Add staged rollout with canaries\",\"Add config checksum validation\",\"Patch promotion script to verify all nodes\",\"Document promotion steps in DOC-702\"]","2025-11-12T02:09:34.189Z WARN ConfigPromoter node=search-4 analyzer=old\n2025-11-12T02:10:01.005Z INFO Promotion completed on remaining nodes\n2025-11-12T02:30:01.101Z INFO Relevance metrics restored"],config,"search,config,analyzer","[\"DOC-702\",\"DOC-701\"]","config-drift","SearchOps",0.4,resolved
INC-10049,Notifications bug issue ERR_NOT_8419,Notifications worker threw serialization exception when sending iOS push payload with unexpected fields.,P4,Notifications,2025-09-30T08:37:34Z,2025-10-03T06:37:34Z,"Payload contract change introduced unexpected field causing serializer failure.","[\"Make serializer tolerant to unknown fields\",\"Add versioning to payload schema\",\"Re-send failed notifications\",\"Add contract tests in DOC-604\",\"Coordinate with product for schema changes\"]","2025-09-30T08:37:34.189Z ERROR PushSerializer UnknownFieldException field=promo_code\n2025-09-30T08:38:01.005Z INFO Serializer patched and requeued 320 messages\n2025-09-30T09:10:01.101Z INFO Delivery resumed"],bug,"notifications,bug,serializer","[\"DOC-604\"]","schema-mismatch","NotificationsOps",0.2,resolved
INC-10050,Payments infra issue ERR_PAY_4709,Payments docketing pipeline failed to emit settlement events intermittently due to worker OOMs.,P2,Payments,2025-08-29T06:29:34Z,, "Worker JVM experiencing out-of-memory when processing large settlement batches causing pipeline gaps.","[\"Increase worker heap and add memory limit guard\",\"Partition large batches into smaller jobs\",\"Add backpressure for upstream producers\",\"Install heap-dump exporter on OOM\",\"Add monitoring for worker memory\"]","2025-08-29T06:29:34.189Z ERROR SettlementWorker OOMKilled pid=784 heap=2.3GB\n2025-08-29T06:30:01.005Z WARN Batch processing halted\n2025-08-29T06:45:01.101Z INFO Restarted workers with higher heap"],infra,"payments,infra,oom","[\"DOC-200\",\"DOC-201\"]","memory-leak","PaymentsOps",0.7,unresolved
INC-10051,Auth data issue ERR_AUT_8576,Auth user profile sync failed causing missing user metadata and downstream login failures.,P3,Auth,2025-08-12T05:10:34Z,2025-08-16T22:10:34Z,"User profile sync job failed to reconcile new schema leading to missing attributes.","[\"Fix sync job schema mapping\",\"Backfill user metadata\",\"Add schema versioning to sync job\",\"Add validation checks for missing attributes\",\"Document sync process in DOC-100\"]","2025-08-12T05:10:34.189Z ERROR ProfileSync FailedMappingException field=phone\n2025-08-12T05:11:01.005Z INFO Backfill started for users missing phone\n2025-08-12T06:30:01.101Z INFO Backfill completed"],data,"auth,data,sync","[\"DOC-100\",\"DOC-101\"]","schema-mismatch","AuthOps",0.4,resolved
INC-10052,Payments performance issue ERR_PAY_6348,Payments API experienced prolonged client latency when processing large batched requests causing client-side timeouts.,P1,Payments,2025-07-24T11:01:34Z,2025-07-27T19:01:34Z,"Inefficient batch processing and blocking IO caused request-timeout cascade.","[\"Split large batches into smaller units\",\"Make batch processing asynchronous\",\"Add autoscale policy for batch workers\",\"Add timeouts and circuit-breakers\",\"Document batch guidelines in DOC-201\"]","2025-07-24T11:01:34.189Z WARN BatchProcessor blocked waiting IO duration=5200ms\n2025-07-24T11:05:05.004Z ERROR Clients start timing out 504\n2025-07-24T12:00:01.101Z INFO Implemented async batch pipeline"],performance,"payments,performance,batch","[\"DOC-201\",\"DOC-202\"]","blocking-call","PaymentsOps",1.0,resolved
INC-10053,Payments bug issue ERR_PAY_9053,Payment capture endpoint occasionally returns 502 after race between capture and refund flows.,P2,Payments,2025-07-27T02:14:34Z,2025-07-27T03:14:34Z,"Race between capture and refund tasks updating same transaction state without locking.","[\"Introduce transaction-level locks\",\"Add idempotency and state guards\",\"Run reconciliation job to fix inconsistent states\",\"Add tests for concurrent capture/refund\",\"Document flow in DOC-200\"]","2025-07-27T02:14:34.189Z ERROR TransactionManager ConcurrentStateUpdateException txn=tx-554\n2025-07-27T02:14:35.003Z INFO Locking added to capture path\n2025-07-27T02:30:01.101Z INFO Inconsistent state corrected"],bug,"payments,bug,transaction","[\"DOC-200\",\"DOC-201\"]","race-condition","PaymentsOps",0.7,resolved
INC-10054,Shipping data issue ERR_SHI_7819,Shipping address normalization produced invalid postal codes due to new external lookup service returning unexpected formats.,P1,Shipping,2025-07-17T01:20:34Z,2025-07-17T09:20:34Z,"External address verification service introduced format change causing normalization failures.","[\"Fallback to local normalization when external returns unknown format\",\"Contact vendor to clarify format change\",\"Backfill corrected postal codes\",\"Add format validation in ingestion pipeline\",\"Document vendor change in DOC-802\"]","2025-07-17T01:20:34.189Z ERROR AddressLookup UnexpectedFormat vendor=addrsvc\n2025-07-17T01:21:01.005Z INFO Fallback applied and messages requeued\n2025-07-17T02:00:01.101Z INFO Backfill completed"],data,"shipping,data,external","[\"DOC-802\",\"DOC-800\"]","dependency-failure","ShippingOps",1.0,resolved
INC-10055,Auth infra issue ERR_AUT_6320,Auth nodes hit intermittent DNS resolution failures after internal DNS server upgrade, causing auth timeouts.,P2,Auth,2025-11-01T11:58:34Z,2025-11-02T08:30:00Z,"Internal DNS service responded with NXDOMAIN for some internal SRV records due to zone file corruption.","[\"Rollback DNS server upgrade\",\"Repair zone-file and reload\",\"Add DNS caching layer on auth nodes\",\"Add DNS-health check to deployments\",\"Document DNS troubleshooting steps in DOC-101\"]","2025-11-01T11:58:34.189Z ERROR DNSResolver NXDOMAIN for verifier.internal\n2025-11-01T11:59:05.004Z WARN AuthService token verifier calls failed\n2025-11-01T12:10:01.101Z INFO DNS zone repaired"],infra,"auth,infra,dns","[\"DOC-101\"]","dns-resolution","AuthOps",0.7,resolved
INC-10056,Payments performance issue ERR_PAY_3871,Payments API experiencing increased error rates due to sudden spike in async event backlog leading to timeouts.,P3,Payments,2025-08-04T19:51:34Z,2025-08-05T05:51:34Z,"Producer bursts overwhelmed consumer capacity causing backlog and eventual timeouts.","[\"Scale consumers horizontally\",\"Apply producer-rate throttling\",\"Drain backlog offline\",\"Add alert for queue-lag > 5k\",\"Document scaling guidance in DOC-201\"]","2025-08-04T19:51:34.189Z WARN Consumer lag=6000 topic=payments.events\n2025-08-04T19:52:05.003Z ERROR PaymentProcessor Timeout while waiting for event\n2025-08-04T20:00:01.101Z INFO Consumer scaled and backlog drained"],performance,"payments,performance,queue","[\"DOC-201\",\"DOC-200\"]","queue-backlog","PaymentsOps",0.4,resolved
INC-10057,Catalog infra issue ERR_CAT_1717B, (duplicate id avoided) Catalog background sync failed due to S3 throttling causing image generation timeouts.,P4,Catalog,2025-10-25T02:12:34Z,2025-10-26T06:12:34Z,"S3 rate limit exceeded during bulk sync causing downstream timeouts.","[\"Throttle parallel S3 operations\",\"Add exponential backoff for S3 PUTs\",\"Retry failed uploads from DLQ\",\"Switch to multipart upload for large objects\",\"Document S3 sync best-practices in DOC-404\"]","2025-10-25T02:12:34.189Z ERROR S3Client ThrottlingException status=503\n2025-10-25T02:13:05.004Z WARN Upload retries ongoing\n2025-10-25T06:00:01.101Z INFO Sync completed with retries"],infra,"catalog,infra,s3","[\"DOC-404\"]","upstream-rate-limit","CatalogOps",0.2,resolved
INC-10058,Payments performance issue ERR_PAY_9998,Settlement worker stuck on particular malformed settlement payload causing CPU spin and blocking other jobs.,P3,Payments,2025-11-04T10:05:34Z,2025-11-04T13:12:00Z,"Malformed settlement payload caused infinite loop in parsing code path.","[\"Add defensive payload validation\",\"Kill and restart stuck worker\",\"Add payload schema enforcement in producer\",\"Backfill corrected settlement entries\",\"Update DOC-201 with schema details\"]","2025-11-04T10:05:34.189Z ERROR SettlementParser InfiniteLoopException at Parser.java:302 payloadId=st-777\n2025-11-04T10:06:05.004Z INFO Worker restarted and healthy\n2025-11-04T10:20:01.101Z INFO Schema validation added"],performance,"payments,performance,parser","[\"DOC-201\",\"DOC-202\"]","parser-bug","PaymentsOps",0.4,resolved
INC-10059,Notifications performance issue ERR_NOT_9901,Push gateway returned 504s under burst load due to upstream push vendor rate-limiting, causing retries and elevated latency.,P3,Notifications,2025-09-08T14:12:34Z,2025-09-09T02:10:00Z,"Upstream vendor rate limit causing effective throttling and retries in push pipeline.","[\"Add vendor-specific throttling\",\"Implement exponential backoff for push attempts\",\"Route to alternative vendor if available\",\"Monitor vendor 429 responses\",\"Document vendor behavior in DOC-602\"]","2025-09-08T14:12:34.189Z ERROR PushGateway 504 from vendor push.vendor status=504\n2025-09-08T14:13:05.004Z WARN Retry attempt 3 backoff=2000ms\n2025-09-08T14:30:01.101Z INFO Alternative vendor route enabled"],performance,"notifications,performance,vendor","[\"DOC-602\",\"DOC-603\"]","dependency-failure","NotificationsOps",0.4,resolved
INC-10060,Payments performance issue ERR_PAY_3344,High GC pauses on settlement workers leading to processing pauses and queue buildup.,P1,Payments,2025-07-12T03:11:34Z,2025-07-14T11:20:00Z,"Full GC induced long pauses due to large heap and suboptimal GC settings during settlement peaks.","[\"Tune JVM GC to G1 with appropriate pause goals\",\"Reduce object retention in hot paths\",\"Restart workers with tuned flags\",\"Add GC logging to metrics\",\"Document GC tuning in DOC-201\"]","2025-07-12T03:11:34.189Z ERROR JVM Full GC pause=12000ms heap=8GB\n2025-07-12T03:12:05.004Z WARN Queue lag increases cause timeouts\n2025-07-12T04:00:01.101Z INFO GC tuning applied and pauses reduced"],performance,"payments,performance,gc","[\"DOC-201\",\"DOC-200\"]","gc-pressure","PaymentsOps",1.0,resolved
INC-10061,Search cache corruption ERR_SEA_CACHE_001,Search returned inconsistent results; cache entries had malformed index pointers after a node crash.,P2,Search,2025-10-05T09:11:34Z,2025-10-06T13:00:00Z,"Corrupted cache pointers after unexpected node crash; cache repair needed.","[\"Clear local caches across cluster\",\"Rebuild caches from authoritative index\",\"Add cache-checksum on write\",\"Add auto-repair job on restart\",\"Document cache repair steps in DOC-701\"]","2025-10-05T09:11:34.189Z ERROR CacheManager checksum mismatch key=idx-334\n2025-10-05T09:12:05.004Z INFO Cleared cache on all nodes\n2025-10-05T09:30:01.101Z INFO Cache rebuild completed"],bug,"search,cache,corruption","[\"DOC-701\",\"DOC-700\"]","cache-corruption","SearchOps",0.7,resolved
INC-10062,Inventory scaling issue ERR_INV_SCALE_002,Inventory autoscaler failed to scale in time during promotional spike causing missed reads and blocking operations.,P2,Inventory,2025-11-20T06:00:00Z,2025-11-20T10:45:00Z,"Autoscaler misconfiguration thresholds too conservative; pods couldn't scale quickly on burst.","[\"Lower scale threshold and tune cooldown\",\"Add predictive scaling for promo windows\",\"Increase initial replica buffer during campaigns\",\"Add canary alert for autoscale lag\",\"Document scaling policy in DOC-500\"]","2025-11-20T06:00:00.000Z WARN Autoscaler scale_event delayed required=10s observed=120s\n2025-11-20T06:05:01.004Z ERROR Pod pending due to insufficient nodes\n2025-11-20T07:00:01.101Z INFO Scaled to meet demand"],performance,"inventory,scaling,autoscale","[\"DOC-500\",\"DOC-502\"]","scaling","InventoryOps",0.7,resolved
INC-10063,Auth session-store corruption ERR_AUT_SS_110,Auth session-store had corrupted entries after abrupt DB failover leading to auth errors.,P2,Auth,2025-09-09T18:22:34Z,2025-09-10T09:00:00Z,"Partial DB failover left sessions in inconsistent state due to incomplete transaction replay.","[\"Run session-store consistency repair\",\"Invalidate suspect sessions older than 24h\",\"Improve failover replay logic\",\"Add tests for failover scenarios\",\"Document repair in DOC-100\"]","2025-09-09T18:22:34.189Z ERROR SessionStore InconsistentStateException lastApplied=2025-09-09T18:00:00Z\n2025-09-09T18:23:01.005Z INFO Started repair job\n2025-09-09T19:30:01.101Z INFO Sessions normalized"],data,"auth,data,session","[\"DOC-100\",\"DOC-101\"]","failover","AuthOps",0.7,resolved
INC-10064,Search rate-limit overflow ERR_SEA_RATE_007,An automated scraper exceeded search API rate limits causing collateral throttling for legitimate users.,P3,Search,2025-10-01T12:00:00Z,2025-10-01T18:00:00Z,"Public scraper circumvented rate limits by rotating IPs; lack of IP reputation checks.","[\"Add per-client token rate-limits\",\"Implement IP reputation checks\",\"Block abusive agents via WAF\",\"Add 429 backoff headers and retry guidance\",\"Add monitoring for unusual traffic patterns\"]","2025-10-01T12:00:00.189Z WARN RateLimiter detected burst from client=unknown IPs\n2025-10-01T12:01:05.004Z INFO WAF blocked 10k requests\n2025-10-01T12:30:01.101Z INFO Rate limiting rules hardened"],security,"search,security,ratelimit","[\"DOC-700\",\"DOC-701\"]","abuse","SearchOps",0.4,resolved
INC-10065,Payments schema mismatch ERR_PAY_SCHEMA_22,Settlement pipeline failed after upstream schema change altered field names leading to deserialization exceptions.,P2,Payments,2025-11-02T02:30:00Z,2025-11-02T14:12:00Z,"Upstream partner changed settlement payload field names without contract update.","[\"Coordinate with partner to restore contract\",\"Add tolerant deserializer for missing/renamed fields\",\"Add contract tests in CI\",\"Replay failed settlements after fix\",\"Document contract in DOC-200\"]","2025-11-02T02:30:00.189Z ERROR SettlementDeserializer MissingFieldException field=settled_at\n2025-11-02T02:31:05.004Z INFO Partner reverted change\n2025-11-02T03:00:01.101Z INFO Replay completed"],data,"payments,data,schema","[\"DOC-200\",\"DOC-201\"]","schema-mismatch","PaymentsOps",0.7,resolved
INC-10066,Notifications infra TLS ERR_NOT_TLS_01,Push gateway failing TLS handshake due to SNI mismatch after load balancer upgrade.,P3,Notifications,2025-10-10T07:15:34Z,2025-10-10T12:00:00Z,"Load-balancer upgrade introduced SNI rewrite causing backend TLS mismatch.","[\"Reconfigure LB to preserve SNI\",\"Redeploy push-gateway with updated certs\",\"Add SNI health-checks\",\"Add LB upgrade playbook in DOC-601\",\"Monitor TLS handshake success rate\"]","2025-10-10T07:15:34.189Z ERROR TLSHandshake SNI mismatch expected=push.internal got=undefined\n2025-10-10T07:16:01.005Z INFO LB config updated\n2025-10-10T07:30:01.101Z INFO TLS handshakes healthy"],infra,"notifications,infra,tls","[\"DOC-601\",\"DOC-603\"]","ssl-misconfig","NotificationsOps",0.4,resolved
INC-10067,Search index corruption ERR_SEA_IDX_99,Partial index corruption after disk errors caused missing documents in search results.,P1,Search,2025-11-09T03:00:00Z,2025-11-12T18:00:00Z,"Underlying disk I/O errors during index write caused partial corruption for segment files.","[\"Isolate corrupted shard and rebuild from replicas\",\"Replace failing disk and repair FS\",\"Add disk SMART checks and alerting\",\"Add periodic index integrity checks\",\"Document index repair in DOC-700\"]","2025-11-09T03:00:00.189Z ERROR FS I/O error writing segment=seg-99 errno=EIO\n2025-11-09T03:02:05.004Z INFO Marked shard read-only and started rebuild\n2025-11-09T04:00:01.101Z INFO Rebuild completed"],infrastructure,"search,infra,disk","[\"DOC-700\",\"DOC-701\"]","disk-pressure","SearchOps",1.0,resolved
INC-10068,Catalog serialization failure ERR_CAT_SER_44,Product feed ingestion failed with serialization errors when new optional attributes introduced without backward compatibility.,P2,Catalog,2025-08-30T09:12:00Z,2025-08-30T12:00:00Z,"Producers added new optional fields without schema evolution handling causing deserialization to fail.","[\"Make deserializer tolerant to extra fields\",\"Add schema versioning for feeds\",\"Replay failed feed messages\",\"Add contract tests in DOC-403\",\"Document feed schema in DOC-400\"]","2025-08-30T09:12:00.189Z ERROR Deserializer UnknownFieldException field=meta_color\n2025-08-30T09:13:05.004Z INFO Deserializer patched\n2025-08-30T10:00:01.101Z INFO Feed replay completed"],bug,"catalog,bug,serialization","[\"DOC-400\",\"DOC-403\"]","schema-mismatch","CatalogOps",0.7,resolved
INC-10069,Shipping queue backlog ERR_SHI_Q_11,Shipping queue backlog increased after weekend promo causing delivery scheduler to fall behind.,P2,Shipping,2025-11-23T10:30:00Z,2025-11-25T18:00:00Z,"Insufficient consumer capacity for weekend promo spikes caused DLQ growth.","[\"Add temporary worker fleet for promo\",\"Drain backlog with offline workers\",\"Add auto-scale policy for promo windows\",\"Improve scheduling algorithm for priority shipments\",\"Document promo-handling in DOC-801\"]","2025-11-23T10:30:00.189Z WARN ConsumerLag backlog=42000 topic=shipping.priority\n2025-11-23T10:35:05.004Z INFO Started drain with extra workers\n2025-11-23T12:00:01.101Z INFO Backlog reduced by 60%"],performance,"shipping,performance,queue","[\"DOC-801\",\"DOC-802\"]","queue-backlog","ShippingOps",0.7,resolved
INC-10070,Inventory deadlock ERR_INV_DL_77,Inventory DB deadlocks when concurrent restock and order operations collide causing transaction rollbacks.,P2,Inventory,2025-10-18T14:00:00Z,2025-10-18T16:30:00Z,"Unordered locking across two tables causing classical DB deadlock with restock and order flows.","[\"Reorder locks to consistent sequence\",\"Add retry with exponential backoff\",\"Add deadlock monitoring alert\",\"Refactor long transactions to smaller units\",\"Document fix in DOC-503\"]","2025-10-18T14:00:00.189Z ERROR DB Deadlock detected tx1=345 tx2=346\n2025-10-18T14:05:05.004Z INFO Applied lock-ordering change\n2025-10-18T15:00:01.101Z INFO Deadlock rate reduced"],bug,"inventory,db,deadlock","[\"DOC-503\",\"DOC-500\"]","db-deadlock","InventoryOps",0.7,resolved
INC-10071,Orders misrouted ERR_ORD_ROUTE_09,Order fulfillment messages occasionally routed to wrong fulfillment center due to incorrect routing key calculation.,P3,Orders,2025-09-02T06:40:00Z,2025-09-03T12:00:00Z,"Routing key calculation used outdated region mapping table leading to misrouting.","[\"Correct routing logic to use updated region map\",\"Reprocess misrouted orders\",\"Add versioned region mapping with safe-swaps\",\"Add integration test for routing logic\",\"Document mapping procedure in DOC-304\"]","2025-09-02T06:40:00.189Z ERROR Router wrongRegion key=ord-882 computed=eu-west actual=ap-south\n2025-09-02T06:41:05.004Z INFO Re-routed 12 orders\n2025-09-02T07:00:01.101Z INFO Region map updated"],bug,"orders,bug,routing","[\"DOC-304\",\"DOC-305\"]","logic-bug","OrdersOps",0.4,resolved
INC-10072,Billing payment gateway timeout ERR_BILL_001,Billing gateway timing out sporadically for subscription renewals due to partner latency; customers see failed renewals.,P2,Billing,2025-11-05T09:12:34Z,2025-11-06T10:00:00Z,"Third-party billing partner had intermittent latency spikes causing renewals to timeout.","[\"Move renewals to async queue with retry and dead-letter handling\",\"Coordinate with billing partner for SLA improvements\",\"Add circuit-breaker and fallback path\",\"Implement incremental backoff retries\",\"Document fallback in new DOC-BILL-100\"]","2025-11-05T09:12:34.189Z WARN ExternalBilling latency=5200ms endpoint=billing.partner\n2025-11-05T09:13:05.004Z ERROR RenewalProcessor timeout for subs=12\n2025-11-05T09:30:01.101Z INFO Enqueued renewals for async processing"],dependency,"billing,dependency,timeout","[\"DOC-BILL-100\"]","dependency-failure","BillingOps",0.7,resolved
INC-10073,UserProfile data leak risk ERR_UP_DLP_01,UserProfile service logged PII in debug logs after debug flag accidentally enabled in production.,P1,UserProfile,2025-11-10T02:00:00Z,2025-11-10T06:00:00Z,"Debug logging left enabled in prod exposing PII to logs and S3 backups.","[\"Disable debug logging across prod\",\"Rotate any keys referenced in exposed logs\",\"Purge affected logs from retention store\",\"Audit log retention and S3 lifecycle\",\"Add guardrail to prevent debug in prod and update DOC-UP-100\"]","2025-11-10T02:00:00.189Z ERROR UserProfileLogger DEBUG user={\"email\":\"u@example.com\",\"ssn\":\"***\"}\n2025-11-10T02:10:05.004Z WARN DataLeak detected log contains PII\n2025-11-10T03:00:01.101Z INFO Purged logs and rotated keys"],security,"userprofile,security,pii","[\"DOC-UP-100\"]","data-leak","UserProfileOps",1.0,resolved
INC-10074,Billing invoice mismatch ERR_BILL_INV_07,Invoices occasionally show incorrect tax calculation for cross-border customers due to currency rounding differences.,P3,Billing,2025-10-20T11:00:00Z,2025-10-22T09:30:00Z,"Rounding applied in two different places (subtotal and tax) causing small differences in final invoice totals.","[\"Centralize rounding logic in billing service\",\"Re-run invoice generation for affected window\",\"Add unit tests for cross-currency rounding\",\"Document billing rules in DOC-BILL-101\",\"Notify customers if adjustment required\"]","2025-10-20T11:00:00.189Z WARN BillingCalc rounding discrepancy totalDiff=0.03 currency=EUR\n2025-10-20T11:05:05.004Z INFO Regenerated invoices for 12 customers\n2025-10-20T12:00:01.101Z INFO Rounding logic centralized"],data,"billing,data,invoice","[\"DOC-BILL-101\"]","calculation-bug","BillingOps",0.4,resolved
INC-10075,UserProfile invalid avatar upload ERR_UP_AV_09,Profile avatar upload fails for large images causing 413 and user confusion.,P4,UserProfile,2025-09-18T09:30:00Z,2025-09-19T12:00:00Z,"No server-side size check; large images rejected by proxy resulting in 413 responses.","[\"Add server-side upload size validation\",\"Return clear error messages to clients\",\"Add client-side max size in UI\",\"Add multipart upload support for large avatars\",\"Document upload limits in DOC-UP-101\"]","2025-09-18T09:30:00.189Z ERROR Proxy returned 413 Request Entity Too Large path=/user/avatar\n2025-09-18T09:30:05.004Z INFO Added validation and updated UI guidance\n2025-09-18T10:00:01.101Z INFO 413 rates dropped"],bug,"userprofile,bug,upload","[\"DOC-UP-101\"]","input-validation","UserProfileOps",0.2,resolved
INC-10076,Billing duplicate invoice generation ERR_BILL_DUP_03,Billing generated duplicate invoices for a small subset of subscriptions during retry storms.,P2,Billing,2025-08-14T02:00:00Z,2025-08-14T06:00:00Z,"Retry storm caused by temporary DB slowdowns led to duplicate invoice generation without idempotency safeguards.","[\"Add invoice idempotency tokens\",\"Run dedupe job to identify duplicates\",\"Add retry backoff and circuit-breaker\",\"Add post-mortem and update DOC-BILL-100\",\"Monitor invoice generation success metrics\"]","2025-08-14T02:00:00.189Z ERROR InvoiceGenerator DuplicateInvoice detected invoiceId=inv-333\n2025-08-14T02:05:05.004Z INFO Dedupe job removed 4 duplicate invoices\n2025-08-14T02:30:01.101Z INFO Idempotency implemented"],bug,"billing,bug,duplicate","[\"DOC-BILL-100\"]","retry-storm","BillingOps",0.7,resolved
INC-10077,UserProfile auth mismatch ERR_UP_AUTH_02,Profile service returning 403 for valid users due to recent auth client upgrade changing token claims.,P3,UserProfile,2025-11-14T08:00:00Z,2025-11-14T12:30:00Z,"Auth client upgrade changed expected token claim names without updating profile-service validation logic.","[\"Update profile-service to accept both claim variants\",\"Coordinate with Auth team to align claims\",\"Add integration tests for token claim compatibility\",\"Add versioning to auth contract\",\"Document change in DOC-UP-100\"]","2025-11-14T08:00:00.189Z ERROR ProfileAuthValidator MissingClaimException claim='user_sub'\n2025-11-14T08:10:05.004Z INFO Patched validator and accepted both claim forms\n2025-11-14T09:00:01.101Z INFO Auth contract teams aligned"],config,"userprofile,config,auth","[\"DOC-UP-100\",\"DOC-100\"]","contract-mismatch","UserProfileOps",0.4,resolved
INC-10078,Billing settlement delayed ERR_BILL_SET_11,Settlement job delayed due to large backlog and a runaway reconciliation job locking settlement records.,P2,Billing,2025-11-18T01:00:00Z,2025-11-18T18:00:00Z,"Reconciliation job accidentally took a full-table lock blocking settlement writes.","[\"Kill runaway reconciliation job\",\"Partition reconciliation to avoid table locks\",\"Add lock-timeout for reconciliation\",\"Re-run settlement pipeline\",\"Document reconciliation best-practices in DOC-BILL-100\"]","2025-11-18T01:00:00.189Z ERROR DB LockTimeout reconciliation job locked settlements table\n2025-11-18T01:05:05.004Z INFO Reconciliation job terminated\n2025-11-18T02:00:01.101Z INFO Settlement pipeline resumed"],infra,"billing,infra,lock","[\"DOC-BILL-100\"]","table-lock","BillingOps",0.7,resolved
INC-10079,UserProfile email bounce ERR_UP_BOUNCE_05,Large number of profile emails bouncing due to MX configuration change at provider causing failed verification emails.,P3,UserProfile,2025-10-09T07:00:00Z,2025-10-09T12:00:00Z,"MX record change at email provider causing deliverability issues for verification emails.","[\"Coordinate with provider to revert MX change\",\"Switch to fallback email provider for verification\",\"Retry failed verification emails\",\"Add deliverability monitoring\",\"Document provider fallback steps in DOC-UP-101\"]","2025-10-09T07:00:00.189Z ERROR SMTP Delivery failed rcpt=usr@domain status=5.1.1\n2025-10-09T07:05:05.004Z INFO Switched to fallback provider\n2025-10-09T07:30:01.101Z INFO Deliverability restored"],dependency,"userprofile,dependency,email","[\"DOC-UP-101\"]","deliverability","UserProfileOps",0.4,resolved
INC-10080,Search partial outage ERR_SEA_PART_2025,Partial search outage affecting 1 of 4 zones due to regional networking issue with cloud provider.,P2,Search,2025-11-02T05:00:00Z,2025-11-02T20:00:00Z,"Cloud provider regional network partition isolated zone causing partial service outage.","[\"Failover traffic away from affected zone\",\"Bring up replacement instances in healthy zone\",\"Coordinate with provider on network issue\",\"Add multi-zone failover docs in DOC-700\",\"Add synthetic checks for zone partition\"]","2025-11-02T05:00:00.189Z ERROR CloudProvider network partition zone=zone-3\n2025-11-02T05:05:05.004Z INFO Failover initiated\n2025-11-02T06:00:01.101Z INFO Replacement instances healthy"],infra,"search,infra,cloud","[\"DOC-700\"]","cloud-partition","SearchOps",0.7,resolved
INC-10081,Inventory hotfix regression ERR_INV_HF_09,Hotfix deployed to fix stock delta introduced new race causing wrong stock assignments for rapid checkouts.,P3,Inventory,2025-11-06T10:00:00Z,2025-11-07T09:30:00Z,"Hotfix lacked concurrency tests leading to new race under high concurrency.","[\"Rollback hotfix\",\"Add concurrency tests\",\"Fix atomic update logic\",\"Re-deploy validated fix\",\"Document hotfix process in DOC-502\"]","2025-11-06T10:00:00.189Z ERROR InventoryAtomicUpdate RaceCondition detected TX=777\n2025-11-06T10:05:05.004Z INFO Rolled back hotfix and restored previous state\n2025-11-06T11:00:01.101Z INFO Fix deployed with tests"],bug,"inventory,bug,hotfix","[\"DOC-502\",\"DOC-503\"]","regression","InventoryOps",0.4,resolved
INC-10082,Orders payment gateway 429 ERR_ORD_PG_429,Orders checkout experienced 429 rate-limit responses from payment gateway causing higher abandonment.,P2,Orders,2025-10-02T13:00:00Z,2025-10-02T16:00:00Z,"Payment gateway applied stricter rate-limiting temporarily causing 429s to propagate to checkout path.","[\"Implement gateway token bucket per-IP limits\",\"Add circuit-breaker and retry headers\",\"Notify gateway vendor for capacity needs\",\"Add fallback offline mode for checkout\",\"Document in DOC-301\"]","2025-10-02T13:00:00.189Z WARN Gateway 429 rate-limited client=web-checkout\n2025-10-02T13:05:05.004Z INFO Circuit-breaker engaged for 10s\n2025-10-02T13:30:01.101Z INFO Rate-limiting policy adjusted"],performance,"orders,performance,gateway","[\"DOC-301\",\"DOC-303\"]","rate-limit","OrdersOps",0.7,resolved
INC-10083,Shipping intermittent SSL ERR_SHI_SSL_21,Shipping API cannot establish SSL to partner due to outdated TLS cipher requirements at partner side.,P3,Shipping,2025-09-01T02:00:00Z,2025-09-02T10:00:00Z,"Partner requires deprecated cipher suite causing TLS handshake to fail from newer clients.","[\"Add fallback TLS config for partner endpoints\",\"Coordinate partner upgrade\",\"Add per-partner TLS profile management\",\"Add doc for partner TLS quirks in DOC-802\",\"Monitor TLS handshake success rate\"]","2025-09-01T02:00:00.189Z ERROR TLSHandshake unsupported cipher suite partner=courierX\n2025-09-01T02:10:05.004Z INFO Applied fallback TLS profile for courierX\n2025-09-01T03:00:01.101Z INFO Partner TLS negotiated"],infra,"shipping,infra,tls","[\"DOC-802\"]","ssl-misconfig","ShippingOps",0.4,resolved
INC-10084,Search malformed query ERR_SEA_MQ_44,Edge service forwarded malformed queries causing search service to throw parsing exceptions and return 400s.,P4,Search,2025-09-12T11:00:00Z,2025-09-12T15:00:00Z,"Edge proxy accepted non-UTF8 payload; search parser threw parsing exception.","[\"Add validation at edge for UTF-8\",\"Reject malformed queries with helpful error\",\"Add sanitizer at edge gateway\",\"Add tests for edge proxy input handling\",\"Document edge validation in DOC-701\"]","2025-09-12T11:00:00.189Z ERROR SearchParser MalformedInputException non-utf8\n2025-09-12T11:05:05.004Z INFO Edge proxy updated to validate input\n2025-09-12T12:00:01.101Z INFO Errors reduced"],bug,"search,bug,input","[\"DOC-701\"]","input-validation","SearchOps",0.2,resolved
INC-10085,Notifications spam detection ERR_NOT_SPAM_01,Increased user complaints about perceived spam due to misconfigured notification thresholds sending high volume for low-priority events.,P3,Notifications,2025-10-17T09:00:00Z,2025-10-18T13:00:00Z,"Notification thresholds set too low for low-priority events resulting in user complaints and opt-outs.","[\"Raise threshold for low-priority notifications\",\"Add user preference honor checks\",\"Add daily cap per user\",\"Roll back noisy rule and notify product\",\"Document notification policy in DOC-604\"]","2025-10-17T09:00:00.189Z WARN NotificationPolicy sending low-priority events=12345\n2025-10-17T09:05:05.004Z INFO Rule adjusted and opt-outs reduced\n2025-10-17T12:00:01.101Z INFO User complaints down"],config,"notifications,config,policy","[\"DOC-604\",\"DOC-603\"]","policy-misconfig","NotificationsOps",0.4,resolved
INC-10086,Search heavy GC ERR_SEA_GC_55,Search JVM experiencing long GC pauses during nightly maintenance jobs leading to transient unavailability.,P2,Search,2025-11-20T02:00:00Z,2025-11-20T06:00:00Z,"High memory retention and full GC during nightly batch indexing causing long pauses.","[\"Tune GC to concurrent collector\",\"Reduce retention in indexing pipeline\",\"Split nightly job into smaller batches\",\"Add off-peak tuning for JVM flags\",\"Document GC recommendations in DOC-701\"]","2025-11-20T02:00:00.189Z ERROR JVM Full GC pause=15000ms\n2025-11-20T02:05:05.004Z WARN Search nodes unresponsive for 12s\n2025-11-20T03:00:01.101Z INFO GC tuning applied"],performance,"search,performance,gc","[\"DOC-701\"]","gc-pressure","SearchOps",0.7,resolved
INC-10087,Inventory index rebuild ERR_INV_IDX_12,Index rebuild failed halfway due to node OOM causing partial reindex and stale search results.,P3,Inventory,2025-10-29T12:00:00Z,2025-10-30T08:00:00Z,"OOM during reindex due to insufficient memory allocated for indexing job.","[\"Increase memory for reindex job\",\"Resume and complete reindex with backoff\",\"Monitor memory and add retry on failure\",\"Avoid running heavy jobs during business hours\",\"Document reindex process in DOC-502\"]","2025-10-29T12:00:00.189Z ERROR JVM OutOfMemoryError during reindex\n2025-10-29T12:05:05.004Z INFO Reindex job restarted with higher heap\n2025-10-29T13:00:01.101Z INFO Reindex completed"],infra,"inventory,infra,reindex","[\"DOC-502\"]","memory","InventoryOps",0.4,resolved
INC-10088,UserProfile missing consent ERR_UP_CONS_03,Certain users missing required consent flag due to migration omission causing legal compliance alerts.,P1,UserProfile,2025-11-22T07:00:00Z,2025-11-22T15:00:00Z,"Migration script didn't set consent flag for users created before 2023 leading to compliance gaps.","[\"Backfill consent flag for affected users\",\"Notify legal and affected tiers\",\"Patch migration to include condition for pre-2023 users\",\"Add migration validation checks\",\"Update DOC-UP-100 with compliance checklist\"]","2025-11-22T07:00:00.189Z ERROR DataMigration missing consent usersAffected=12450\n2025-11-22T07:05:05.004Z INFO Backfill started\n2025-11-22T10:00:01.101Z INFO Backfill completed"],data,"userprofile,data,consent","[\"DOC-UP-100\"]","compliance","UserProfileOps",1.0,resolved
INC-10089,Billing partner outage ERR_BILL_PARTNER_09,Billing partner outage caused failed payments for all transactions for 2 hours until failover to secondary partner engaged.,P1,Billing,2025-09-30T04:00:00Z,2025-09-30T06:15:00Z,"Primary billing partner experienced regional outage; failover to secondary partner restored service.","[\"Failover to secondary billing partner\",\"Notify ops and customers\",\"Perform reconciliation for failed transactions\",\"Add partner health-checks and circuit-breaker\",\"Document failover steps in DOC-BILL-100\"]","2025-09-30T04:00:00.189Z ERROR PartnerHealth primary partner returned 502\n2025-09-30T04:05:05.004Z INFO Failover engaged to secondary partner\n2025-09-30T04:30:01.101Z INFO Transactions resumed"],dependency,"billing,dependency,partner","[\"DOC-BILL-100\"]","partner-outage","BillingOps",1.0,resolved
INC-10090,Shipping incorrect carrier weight ERR_SHI_WT_02,Carrier rejected shipments due to incorrect weight rounding in shipment creation causing extra fees.,P3,Shipping,2025-08-01T06:30:00Z,2025-08-01T12:00:00Z,"Weight rounding discrepancy between shipping UI and carrier API caused rejection and extra billing.","[\"Align weight rounding logic with carrier API\",\"Backfill corrected shipments\",\"Notify affected customers\",\"Add unit test for weight calculation\",\"Document in DOC-800\"]","2025-08-01T06:30:00.189Z WARN CarrierAPI rejected weight rounding diff=0.2kg\n2025-08-01T06:35:05.004Z INFO Corrected shipments and notified customers\n2025-08-01T07:00:01.101Z INFO Weight logic updated"],bug,"shipping,bug,weight","[\"DOC-800\",\"DOC-801\"]","calculation-bug","ShippingOps",0.4,resolved
INC-10091,Search missing synonyms ERR_SEA_SYN_12,Search relevancy dropped because synonyms file wasn't deployed to all nodes causing inconsistent results.,P3,Search,2025-10-03T08:00:00Z,2025-10-03T10:30:00Z,"Synonym file missing from subset of nodes after failed sync.","[\"Sync synonyms across nodes\",\"Add checksum verification on startup\",\"Add file-distribution monitoring\",\"Add runbook in DOC-701\",\"Monitor relevancy metrics\"]","2025-10-03T08:00:00.189Z WARN Synonym file missing on node=search-2\n2025-10-03T08:05:05.004Z INFO Synonyms synced successfully\n2025-10-03T09:00:01.101Z INFO Relevance recovered"],config,"search,config,synonyms","[\"DOC-701\"]","config-drift","SearchOps",0.4,resolved
INC-10092,Inventory stale snapshot ERR_INV_SS_66,Background snapshot job used stale checkpoint leading to eventual consistency gaps in inventory reads.,P3,Inventory,2025-10-11T09:00:00Z,2025-10-12T02:30:00Z,"Snapshot job resumed from an outdated checkpoint due to checkpoint file rotation bug.","[\"Fix checkpoint rotation logic\",\"Replay missing deltas from correct checkpoint\",\"Add checkpoint validation on resume\",\"Add monitoring for snapshot age\",\"Document snapshot process in DOC-501\"]","2025-10-11T09:00:00.189Z ERROR SnapshotJob resumed from checkpoint=chk-20250901 age=40d\n2025-10-11T09:05:05.004Z INFO Replayed missing deltas\n2025-10-11T12:00:01.101Z INFO Snapshot verified healthy"],data,"inventory,data,snapshot","[\"DOC-501\",\"DOC-500\"]","snapshot-error","InventoryOps",0.4,resolved
INC-10093,Orders payment reconciliation ERR_ORD_RECON_21,Reconciliation job failed to match a subset of gateway refunds producing accounting drift.,P3,Orders,2025-09-14T05:00:00Z,2025-09-15T14:00:00Z,"Refund records had mismatched external reference IDs due to normalization rule change.","[\"Normalize external reference IDs across pipeline\",\"Re-run reconciliation with relaxed matching rules\",\"Fix normalizer to include old patterns\",\"Add reconciliation job tests\",\"Document reconciliation in DOC-305\"]","2025-09-14T05:00:00.189Z WARN Reconciler unmatchedCount=112 externalRefPatternMismatch\n2025-09-14T05:05:05.004Z INFO Applied relaxed matcher and matched 90% of items\n2025-09-14T07:00:01.101Z INFO Reconciliation completed"],data,"orders,data,reconciliation","[\"DOC-305\",\"DOC-303\"]","data-mismatch","OrdersOps",0.4,resolved
INC-10094,Payments load spike ERR_PAY_LOAD_88,Unexpected traffic surge caused a spike in payment gateway errors and upstream rate-limits, revealing lack of autoscale buffer.,P1,Payments,2025-11-23T20:00:00Z,2025-11-24T02:30:00Z,"Sudden load spike without autoscale buffer; upstream rate-limits triggered cascading errors.","[\"Increase autoscale buffer for critical endpoints\",\"Add circuit-breaker and graceful degradation\",\"Engage CDN to absorb burst where possible\",\"Add traffic shaping during spikes\",\"Document scaling playbook in DOC-200\"]","2025-11-23T20:00:00.189Z WARN Autoscaler did not trigger fast enough desiredReplicas=50 current=12\n2025-11-23T20:05:05.004Z ERROR Gateway started returning 502s to clients\n2025-11-23T21:00:01.101Z INFO Emergency scale-up performed"],infra,"payments,infra,load","[\"DOC-200\",\"DOC-201\"]","load-spike","PaymentsOps",1.0,resolved
INC-10095,Search token expiration ERR_SEA_TOKEN_33,Search API clients received authentication errors due to clock skew between auth and search nodes causing token validation failures.,P2,Search,2025-08-22T04:10:00Z,2025-08-22T07:20:00Z,"Clock skew caused tokens to appear expired on search nodes; no NTP sync in place for nodes after recent OS image upgrade.","[\"Sync clocks across cluster via NTP\",\"Grace tolerance window for token validation\",\"Restart auth and search nodes to refresh state\",\"Add NTP in provisioning scripts\",\"Document clock sync steps in DOC-701\"]","2025-08-22T04:10:00.189Z ERROR TokenValidator token expired when validated on search node (delta=120s)\n2025-08-22T04:11:05.004Z INFO Applied soft-tolerance validation\n2025-08-22T05:00:01.101Z INFO NTP sync completed"],config,"search,config,clock","[\"DOC-701\",\"DOC-700\"]","clock-skew","SearchOps",0.7,resolved
INC-10096,Inventory replica lag ERR_INV_REP_12,Inventory read-replica lag caused stale reads for recently updated stock levels during peak load.,P2,Inventory,2025-07-28T06:00:00Z,2025-07-28T09:30:00Z,"Replica replication lag due to long-running write transactions on primary during peak.","[\"Add replica lag alerting at 5s threshold\",\"Investigate long-running writes and optimize\",\"Add read-after-write routing for critical calls\",\"Increase replication throughput settings\",\"Document replica handling in DOC-500\"]","2025-07-28T06:00:00.189Z WARN ReplicaLag replica=inv-rep-2 lag=12s\n2025-07-28T06:05:05.004Z INFO Rebalanced write load and lag reduced\n2025-07-28T07:00:01.101Z INFO Replica lag normalized"],performance,"inventory,performance,replica","[\"DOC-500\",\"DOC-501\"]","replica-lag","InventoryOps",0.7,resolved
INC-10097,Orders stuck jobs ERR_ORD_JOB_77,Orders async job worker stuck on a legacy payload format causing job queue to pile up.,P3,Orders,2025-10-05T03:00:00Z,2025-10-06T11:00:00Z,"Legacy payload format not recognized by newer worker causing infinite retry without DLQ routing.","[\"Add DLQ routing for payloads failing schema validation\",\"Patch worker to accept legacy payloads\",\"Drop legacy retry storms by quarantining payloads\",\"Add schema evolution tests\",\"Document handling in DOC-303\"]","2025-10-05T03:00:00.189Z ERROR Worker SchemaValidationFailed legacyPayload missing field 'v1_ref'\n2025-10-05T03:05:05.004Z INFO Quarantined 120 messages to DLQ\n2025-10-05T04:00:01.101Z INFO Worker patched and DLQ drained"],bug,"orders,bug,job","[\"DOC-303\",\"DOC-304\"]","legacy-format","OrdersOps",0.4,resolved
INC-10098,Shipping file upload ERR_SHI_FILE_09,Carrier manifest upload failed intermittently due to multipart boundary mismatch in client library.,P4,Shipping,2025-08-21T09:00:00Z,2025-08-22T10:00:00Z,"Client library constructed multipart boundaries incorrectly for certain file sizes causing 400 from carrier API.","[\"Patch client library boundary construction\",\"Retry failed uploads with corrected client\",\"Notify carriers of transient errors\",\"Add tests for multipart edge-cases\",\"Document manifest upload in DOC-800\"]","2025-08-21T09:00:00.189Z ERROR CarrierAPI 400 Bad Request multipart boundary mismatch\n2025-08-21T09:05:05.004Z INFO Client lib patched\n2025-08-21T09:30:01.101Z INFO Upload success rates restored"],bug,"shipping,bug,upload","[\"DOC-800\"]","client-bug","ShippingOps",0.2,resolved
INC-10099,Search outdated synonym config ERR_SEA_SYN_45,Synonym file not updated after product taxonomy change leading to poor search recall for new terms.,P3,Search,2025-09-10T07:00:00Z,2025-09-11T02:00:00Z,"Taxonomy change not propagated to synonym files used by search causing recall issues.","[\"Propagate taxonomy changes to synonym files\",\"Add automated sync in pipeline\",\"Add integration test for taxonomy->synonyms\",\"Rebuild search index after sync\",\"Document process in DOC-701\"]","2025-09-10T07:00:00.189Z WARN SynonymUpdater taxonomyVersion mismatch=2 vs node=1\n2025-09-10T07:05:05.004Z INFO Synonym file updated and reloaded\n2025-09-10T08:00:01.101Z INFO Relevance metrics improved"],config,"search,config,synonym","[\"DOC-701\",\"DOC-702\"]","config-drift","SearchOps",0.4,resolved
INC-10100,Inventory cold-start ERR_INV_CS_01,New inventory node cold-start caused cache warmup latency spikes impacting first-20-minute window.,P3,Inventory,2025-11-01T00:00:00Z,2025-11-01T00:45:00Z,"Cold-start cache warmup caused initial high latency until hot keys populated.","[\"Pre-populate cache on startup from snapshot\",\"Stagger node starts during scale-up\",\"Add warmup metrics to monitor first-20-min latency\",\"Document warmup in DOC-502\",\"Implement lazy-loading thresholds\"]","2025-11-01T00:00:00.189Z WARN CacheWarmup cold-start missing hot-keys count=4200\n2025-11-01T00:05:05.004Z INFO Warmup pre-populate completed\n2025-11-01T00:30:01.101Z INFO Latency back to normal"],performance,"inventory,performance,warmup","[\"DOC-502\"]","cold-start","InventoryOps",0.4,resolved
